<annotation>
	<folder>Felino</folder>
	<filename>1293.jpg</filename>
	<path>D:\joaco\RNA\M2\Deteccion\images-20200508T211411Z-001\Felino\1293.jpg</path>
	<source>
		<database>Unknown</database>
	</source>
	<size>
		<width>500</width>
		<height>333</height>
		<depth>3</depth>
	</size>
	<segmented>0</segmented>
	<object>
		<name>Felino</name>
		<pose>Unspecified</pose>
		<truncated>1</truncated>
		<difficult>0</difficult>
		<bndbox>
			<xmin>141</xmin>
			<ymin>118</ymin>
			<xmax>285</xmax>
			<ymax>333</ymax>
		</bndbox>
	</object>
	<object>
		<name>Felino</name>
		<pose>Unspecified</pose>
		<truncated>1</truncated>
		<difficult>0</difficult>
		<bndbox>
			<xmin>436</xmin>
			<ymin>4</ymin>
			<xmax>500</xmax>
			<ymax>110</ymax>
		</bndbox>
	</object>
	<object>
		<name>Felino</name>
		<pose>Unspecified</pose>
		<truncated>0</truncated>
		<difficult>0</difficult>
		<bndbox>
			<xmin>189</xmin>
			<ymin>61</ymin>
			<xmax>296</xmax>
			<ymax>151</ymax>
		</bndbox>
	</object>
</annotation>
