<annotation>
	<folder>Persona</folder>
	<filename>15737278746181.jpg</filename>
	<path>D:\joaco\RNA\M2\Deteccion\images-20200508T211411Z-001\Persona\15737278746181.jpg</path>
	<source>
		<database>Unknown</database>
	</source>
	<size>
		<width>473</width>
		<height>315</height>
		<depth>3</depth>
	</size>
	<segmented>0</segmented>
	<object>
		<name>Persona</name>
		<pose>Unspecified</pose>
		<truncated>0</truncated>
		<difficult>0</difficult>
		<bndbox>
			<xmin>141</xmin>
			<ymin>15</ymin>
			<xmax>326</xmax>
			<ymax>313</ymax>
		</bndbox>
	</object>
</annotation>
