<annotation>
	<folder>Perro</folder>
	<filename>424393_112627608859632_1211313304_n.jpg</filename>
	<path>D:\joaco\RNA\M2\Deteccion\images-20200508T211411Z-001\Perro\424393_112627608859632_1211313304_n.jpg</path>
	<source>
		<database>Unknown</database>
	</source>
	<size>
		<width>960</width>
		<height>720</height>
		<depth>3</depth>
	</size>
	<segmented>0</segmented>
	<object>
		<name>Perro</name>
		<pose>Unspecified</pose>
		<truncated>0</truncated>
		<difficult>0</difficult>
		<bndbox>
			<xmin>332</xmin>
			<ymin>293</ymin>
			<xmax>919</xmax>
			<ymax>574</ymax>
		</bndbox>
	</object>
</annotation>
