<annotation>
	<folder>Felino</folder>
	<filename>43051_1.jpg</filename>
	<path>D:\joaco\RNA\M2\Deteccion\images-20200508T211411Z-001\Felino\43051_1.jpg</path>
	<source>
		<database>Unknown</database>
	</source>
	<size>
		<width>1280</width>
		<height>862</height>
		<depth>3</depth>
	</size>
	<segmented>0</segmented>
	<object>
		<name>Felino</name>
		<pose>Unspecified</pose>
		<truncated>1</truncated>
		<difficult>0</difficult>
		<bndbox>
			<xmin>505</xmin>
			<ymin>26</ymin>
			<xmax>1103</xmax>
			<ymax>862</ymax>
		</bndbox>
	</object>
</annotation>
