<annotation>
	<folder>Persona</folder>
	<filename>49259660_1860716834050692_6091383134723506176_o.jpg</filename>
	<path>D:\joaco\RNA\M2\Deteccion\images-20200508T211411Z-001\Persona\49259660_1860716834050692_6091383134723506176_o.jpg</path>
	<source>
		<database>Unknown</database>
	</source>
	<size>
		<width>720</width>
		<height>960</height>
		<depth>3</depth>
	</size>
	<segmented>0</segmented>
	<object>
		<name>Persona</name>
		<pose>Unspecified</pose>
		<truncated>0</truncated>
		<difficult>0</difficult>
		<bndbox>
			<xmin>343</xmin>
			<ymin>67</ymin>
			<xmax>562</xmax>
			<ymax>890</ymax>
		</bndbox>
	</object>
	<object>
		<name>Persona</name>
		<pose>Unspecified</pose>
		<truncated>0</truncated>
		<difficult>0</difficult>
		<bndbox>
			<xmin>122</xmin>
			<ymin>75</ymin>
			<xmax>342</xmax>
			<ymax>903</ymax>
		</bndbox>
	</object>
</annotation>
