<annotation>
	<folder>Persona</folder>
	<filename>60100333_2886357821389283_6191673030561759232_o.jpg</filename>
	<path>D:\joaco\RNA\M2\Deteccion\images-20200508T211411Z-001\Persona\60100333_2886357821389283_6191673030561759232_o.jpg</path>
	<source>
		<database>Unknown</database>
	</source>
	<size>
		<width>960</width>
		<height>720</height>
		<depth>3</depth>
	</size>
	<segmented>0</segmented>
	<object>
		<name>Persona</name>
		<pose>Unspecified</pose>
		<truncated>0</truncated>
		<difficult>0</difficult>
		<bndbox>
			<xmin>94</xmin>
			<ymin>190</ymin>
			<xmax>323</xmax>
			<ymax>719</ymax>
		</bndbox>
	</object>
	<object>
		<name>Persona</name>
		<pose>Unspecified</pose>
		<truncated>0</truncated>
		<difficult>0</difficult>
		<bndbox>
			<xmin>315</xmin>
			<ymin>235</ymin>
			<xmax>443</xmax>
			<ymax>506</ymax>
		</bndbox>
	</object>
	<object>
		<name>Persona</name>
		<pose>Unspecified</pose>
		<truncated>1</truncated>
		<difficult>0</difficult>
		<bndbox>
			<xmin>344</xmin>
			<ymin>391</ymin>
			<xmax>554</xmax>
			<ymax>720</ymax>
		</bndbox>
	</object>
	<object>
		<name>Persona</name>
		<pose>Unspecified</pose>
		<truncated>1</truncated>
		<difficult>0</difficult>
		<bndbox>
			<xmin>463</xmin>
			<ymin>343</ymin>
			<xmax>654</xmax>
			<ymax>720</ymax>
		</bndbox>
	</object>
	<object>
		<name>Persona</name>
		<pose>Unspecified</pose>
		<truncated>1</truncated>
		<difficult>0</difficult>
		<bndbox>
			<xmin>550</xmin>
			<ymin>250</ymin>
			<xmax>740</xmax>
			<ymax>720</ymax>
		</bndbox>
	</object>
	<object>
		<name>Persona</name>
		<pose>Unspecified</pose>
		<truncated>1</truncated>
		<difficult>0</difficult>
		<bndbox>
			<xmin>701</xmin>
			<ymin>224</ymin>
			<xmax>960</xmax>
			<ymax>700</ymax>
		</bndbox>
	</object>
</annotation>
