<annotation>
	<folder>images</folder>
	<filename>62.jpg</filename>
	<path>D:\joaco\RedesNeuronales_Deep\Modulo 2\Deteccion\deteccion_objetos-master\images\62.jpg</path>
	<source>
		<database>Unknown</database>
	</source>
	<size>
		<width>259</width>
		<height>194</height>
		<depth>3</depth>
	</size>
	<segmented>0</segmented>
	<object>
		<name>conejo</name>
		<pose>Unspecified</pose>
		<truncated>0</truncated>
		<difficult>0</difficult>
		<bndbox>
			<xmin>35</xmin>
			<ymin>14</ymin>
			<xmax>243</xmax>
			<ymax>173</ymax>
		</bndbox>
	</object>
</annotation>
