<annotation>
	<folder>images</folder>
	<filename>63.jpg</filename>
	<path>D:\joaco\RedesNeuronales_Deep\Modulo 2\Deteccion\deteccion_objetos-master\images\63.jpg</path>
	<source>
		<database>Unknown</database>
	</source>
	<size>
		<width>277</width>
		<height>182</height>
		<depth>3</depth>
	</size>
	<segmented>0</segmented>
	<object>
		<name>conejo</name>
		<pose>Unspecified</pose>
		<truncated>0</truncated>
		<difficult>0</difficult>
		<bndbox>
			<xmin>125</xmin>
			<ymin>18</ymin>
			<xmax>261</xmax>
			<ymax>144</ymax>
		</bndbox>
	</object>
	<object>
		<name>conejo</name>
		<pose>Unspecified</pose>
		<truncated>1</truncated>
		<difficult>0</difficult>
		<bndbox>
			<xmin>1</xmin>
			<ymin>1</ymin>
			<xmax>124</xmax>
			<ymax>150</ymax>
		</bndbox>
	</object>
</annotation>
