<annotation>
	<folder>images</folder>
	<filename>64.jpg</filename>
	<path>D:\joaco\RedesNeuronales_Deep\Modulo 2\Deteccion\deteccion_objetos-master\images\64.jpg</path>
	<source>
		<database>Unknown</database>
	</source>
	<size>
		<width>303</width>
		<height>166</height>
		<depth>3</depth>
	</size>
	<segmented>0</segmented>
	<object>
		<name>conejo</name>
		<pose>Unspecified</pose>
		<truncated>0</truncated>
		<difficult>0</difficult>
		<bndbox>
			<xmin>109</xmin>
			<ymin>30</ymin>
			<xmax>285</xmax>
			<ymax>158</ymax>
		</bndbox>
	</object>
	<object>
		<name>conejo</name>
		<pose>Unspecified</pose>
		<truncated>0</truncated>
		<difficult>0</difficult>
		<bndbox>
			<xmin>35</xmin>
			<ymin>2</ymin>
			<xmax>129</xmax>
			<ymax>131</ymax>
		</bndbox>
	</object>
</annotation>
