<annotation>
	<folder>images</folder>
	<filename>65.jpg</filename>
	<path>D:\joaco\RedesNeuronales_Deep\Modulo 2\Deteccion\deteccion_objetos-master\images\65.jpg</path>
	<source>
		<database>Unknown</database>
	</source>
	<size>
		<width>308</width>
		<height>164</height>
		<depth>3</depth>
	</size>
	<segmented>0</segmented>
	<object>
		<name>conejo</name>
		<pose>Unspecified</pose>
		<truncated>1</truncated>
		<difficult>0</difficult>
		<bndbox>
			<xmin>82</xmin>
			<ymin>1</ymin>
			<xmax>178</xmax>
			<ymax>152</ymax>
		</bndbox>
	</object>
</annotation>
