<annotation>
	<folder>Persona</folder>
	<filename>67486628_2188774011244971_5888078100398342144_o.jpg</filename>
	<path>D:\joaco\RNA\M2\Deteccion\images-20200508T211411Z-001\Persona\67486628_2188774011244971_5888078100398342144_o.jpg</path>
	<source>
		<database>Unknown</database>
	</source>
	<size>
		<width>960</width>
		<height>960</height>
		<depth>3</depth>
	</size>
	<segmented>0</segmented>
	<object>
		<name>Persona</name>
		<pose>Unspecified</pose>
		<truncated>1</truncated>
		<difficult>0</difficult>
		<bndbox>
			<xmin>1</xmin>
			<ymin>173</ymin>
			<xmax>473</xmax>
			<ymax>949</ymax>
		</bndbox>
	</object>
	<object>
		<name>Persona</name>
		<pose>Unspecified</pose>
		<truncated>0</truncated>
		<difficult>0</difficult>
		<bndbox>
			<xmin>490</xmin>
			<ymin>223</ymin>
			<xmax>670</xmax>
			<ymax>927</ymax>
		</bndbox>
	</object>
	<object>
		<name>Persona</name>
		<pose>Unspecified</pose>
		<truncated>1</truncated>
		<difficult>0</difficult>
		<bndbox>
			<xmin>751</xmin>
			<ymin>339</ymin>
			<xmax>960</xmax>
			<ymax>919</ymax>
		</bndbox>
	</object>
</annotation>
