<annotation>
	<folder>images</folder>
	<filename>70.jpg</filename>
	<path>D:\joaco\RedesNeuronales_Deep\Modulo 2\Deteccion\deteccion_objetos-master\images\70.jpg</path>
	<source>
		<database>Unknown</database>
	</source>
	<size>
		<width>268</width>
		<height>188</height>
		<depth>3</depth>
	</size>
	<segmented>0</segmented>
	<object>
		<name>conejo</name>
		<pose>Unspecified</pose>
		<truncated>0</truncated>
		<difficult>0</difficult>
		<bndbox>
			<xmin>113</xmin>
			<ymin>82</ymin>
			<xmax>191</xmax>
			<ymax>146</ymax>
		</bndbox>
	</object>
	<object>
		<name>conejo</name>
		<pose>Unspecified</pose>
		<truncated>0</truncated>
		<difficult>0</difficult>
		<bndbox>
			<xmin>109</xmin>
			<ymin>53</ymin>
			<xmax>165</xmax>
			<ymax>102</ymax>
		</bndbox>
	</object>
</annotation>
