<annotation>
	<folder>Persona</folder>
	<filename>81060077_2496065757182460_2341454000404037632_n.jpg</filename>
	<path>D:\joaco\RNA\M2\Deteccion\images-20200508T211411Z-001\Persona\81060077_2496065757182460_2341454000404037632_n.jpg</path>
	<source>
		<database>Unknown</database>
	</source>
	<size>
		<width>960</width>
		<height>960</height>
		<depth>3</depth>
	</size>
	<segmented>0</segmented>
	<object>
		<name>Persona</name>
		<pose>Unspecified</pose>
		<truncated>1</truncated>
		<difficult>0</difficult>
		<bndbox>
			<xmin>1</xmin>
			<ymin>280</ymin>
			<xmax>132</xmax>
			<ymax>673</ymax>
		</bndbox>
	</object>
	<object>
		<name>Persona</name>
		<pose>Unspecified</pose>
		<truncated>0</truncated>
		<difficult>0</difficult>
		<bndbox>
			<xmin>92</xmin>
			<ymin>281</ymin>
			<xmax>275</xmax>
			<ymax>731</ymax>
		</bndbox>
	</object>
	<object>
		<name>Persona</name>
		<pose>Unspecified</pose>
		<truncated>0</truncated>
		<difficult>0</difficult>
		<bndbox>
			<xmin>234</xmin>
			<ymin>223</ymin>
			<xmax>420</xmax>
			<ymax>705</ymax>
		</bndbox>
	</object>
	<object>
		<name>Persona</name>
		<pose>Unspecified</pose>
		<truncated>0</truncated>
		<difficult>0</difficult>
		<bndbox>
			<xmin>397</xmin>
			<ymin>259</ymin>
			<xmax>534</xmax>
			<ymax>698</ymax>
		</bndbox>
	</object>
	<object>
		<name>Persona</name>
		<pose>Unspecified</pose>
		<truncated>0</truncated>
		<difficult>0</difficult>
		<bndbox>
			<xmin>535</xmin>
			<ymin>239</ymin>
			<xmax>697</xmax>
			<ymax>653</ymax>
		</bndbox>
	</object>
	<object>
		<name>Persona</name>
		<pose>Unspecified</pose>
		<truncated>0</truncated>
		<difficult>0</difficult>
		<bndbox>
			<xmin>685</xmin>
			<ymin>211</ymin>
			<xmax>863</xmax>
			<ymax>684</ymax>
		</bndbox>
	</object>
	<object>
		<name>Persona</name>
		<pose>Unspecified</pose>
		<truncated>1</truncated>
		<difficult>0</difficult>
		<bndbox>
			<xmin>842</xmin>
			<ymin>150</ymin>
			<xmax>960</xmax>
			<ymax>719</ymax>
		</bndbox>
	</object>
</annotation>
