<annotation>
	<folder>Perro</folder>
	<filename>Collage_of_Nine_Dogs.jpg</filename>
	<path>D:\joaco\RNA\M2\Deteccion\images-20200508T211411Z-001\Perro\Collage_of_Nine_Dogs.jpg</path>
	<source>
		<database>Unknown</database>
	</source>
	<size>
		<width>380</width>
		<height>334</height>
		<depth>3</depth>
	</size>
	<segmented>0</segmented>
	<object>
		<name>Perro</name>
		<pose>Unspecified</pose>
		<truncated>0</truncated>
		<difficult>0</difficult>
		<bndbox>
			<xmin>8</xmin>
			<ymin>7</ymin>
			<xmax>121</xmax>
			<ymax>97</ymax>
		</bndbox>
	</object>
	<object>
		<name>Perro</name>
		<pose>Unspecified</pose>
		<truncated>0</truncated>
		<difficult>0</difficult>
		<bndbox>
			<xmin>154</xmin>
			<ymin>3</ymin>
			<xmax>284</xmax>
			<ymax>107</ymax>
		</bndbox>
	</object>
	<object>
		<name>Perro</name>
		<pose>Unspecified</pose>
		<truncated>0</truncated>
		<difficult>0</difficult>
		<bndbox>
			<xmin>299</xmin>
			<ymin>4</ymin>
			<xmax>375</xmax>
			<ymax>106</ymax>
		</bndbox>
	</object>
	<object>
		<name>Perro</name>
		<pose>Unspecified</pose>
		<truncated>0</truncated>
		<difficult>0</difficult>
		<bndbox>
			<xmin>9</xmin>
			<ymin>114</ymin>
			<xmax>139</xmax>
			<ymax>214</ymax>
		</bndbox>
	</object>
	<object>
		<name>Perro</name>
		<pose>Unspecified</pose>
		<truncated>0</truncated>
		<difficult>0</difficult>
		<bndbox>
			<xmin>162</xmin>
			<ymin>114</ymin>
			<xmax>269</xmax>
			<ymax>224</ymax>
		</bndbox>
	</object>
	<object>
		<name>Perro</name>
		<pose>Unspecified</pose>
		<truncated>0</truncated>
		<difficult>0</difficult>
		<bndbox>
			<xmin>299</xmin>
			<ymin>113</ymin>
			<xmax>379</xmax>
			<ymax>218</ymax>
		</bndbox>
	</object>
	<object>
		<name>Perro</name>
		<pose>Unspecified</pose>
		<truncated>0</truncated>
		<difficult>0</difficult>
		<bndbox>
			<xmin>5</xmin>
			<ymin>241</ymin>
			<xmax>145</xmax>
			<ymax>327</ymax>
		</bndbox>
	</object>
	<object>
		<name>Perro</name>
		<pose>Unspecified</pose>
		<truncated>0</truncated>
		<difficult>0</difficult>
		<bndbox>
			<xmin>148</xmin>
			<ymin>237</ymin>
			<xmax>279</xmax>
			<ymax>324</ymax>
		</bndbox>
	</object>
	<object>
		<name>Perro</name>
		<pose>Unspecified</pose>
		<truncated>0</truncated>
		<difficult>0</difficult>
		<bndbox>
			<xmin>311</xmin>
			<ymin>226</ymin>
			<xmax>378</xmax>
			<ymax>329</ymax>
		</bndbox>
	</object>
</annotation>
