<annotation>
	<folder>Felino</folder>
	<filename>Dante_navidad.jpg</filename>
	<path>D:\joaco\RNA\M2\Deteccion\images-20200508T211411Z-001\Felino\Dante_navidad.jpg</path>
	<source>
		<database>Unknown</database>
	</source>
	<size>
		<width>2592</width>
		<height>1456</height>
		<depth>3</depth>
	</size>
	<segmented>0</segmented>
	<object>
		<name>Felino</name>
		<pose>Unspecified</pose>
		<truncated>0</truncated>
		<difficult>0</difficult>
		<bndbox>
			<xmin>878</xmin>
			<ymin>676</ymin>
			<xmax>1570</xmax>
			<ymax>1197</ymax>
		</bndbox>
	</object>
</annotation>
