<annotation>
	<folder>Felino</folder>
	<filename>Dante2.jpg</filename>
	<path>D:\joaco\RNA\M2\Deteccion\images-20200508T211411Z-001\Felino\Dante2.jpg</path>
	<source>
		<database>Unknown</database>
	</source>
	<size>
		<width>1456</width>
		<height>2592</height>
		<depth>3</depth>
	</size>
	<segmented>0</segmented>
	<object>
		<name>Felino</name>
		<pose>Unspecified</pose>
		<truncated>0</truncated>
		<difficult>0</difficult>
		<bndbox>
			<xmin>430</xmin>
			<ymin>354</ymin>
			<xmax>946</xmax>
			<ymax>1334</ymax>
		</bndbox>
	</object>
</annotation>
