<annotation>
	<folder>Felino</folder>
	<filename>descarga.jpg</filename>
	<path>D:\joaco\RNA\M2\Deteccion\images-20200508T211411Z-001\Felino\descarga.jpg</path>
	<source>
		<database>Unknown</database>
	</source>
	<size>
		<width>305</width>
		<height>165</height>
		<depth>3</depth>
	</size>
	<segmented>0</segmented>
	<object>
		<name>Felino</name>
		<pose>Unspecified</pose>
		<truncated>0</truncated>
		<difficult>0</difficult>
		<bndbox>
			<xmin>16</xmin>
			<ymin>16</ymin>
			<xmax>125</xmax>
			<ymax>164</ymax>
		</bndbox>
	</object>
	<object>
		<name>Felino</name>
		<pose>Unspecified</pose>
		<truncated>1</truncated>
		<difficult>0</difficult>
		<bndbox>
			<xmin>173</xmin>
			<ymin>14</ymin>
			<xmax>263</xmax>
			<ymax>165</ymax>
		</bndbox>
	</object>
</annotation>
