<annotation>
	<folder>Felino</folder>
	<filename>felino-mas-habil-agua.jpg</filename>
	<path>D:\joaco\RNA\M2\Deteccion\images-20200508T211411Z-001\Felino\felino-mas-habil-agua.jpg</path>
	<source>
		<database>Unknown</database>
	</source>
	<size>
		<width>800</width>
		<height>410</height>
		<depth>3</depth>
	</size>
	<segmented>0</segmented>
	<object>
		<name>Felino</name>
		<pose>Unspecified</pose>
		<truncated>1</truncated>
		<difficult>0</difficult>
		<bndbox>
			<xmin>84</xmin>
			<ymin>1</ymin>
			<xmax>249</xmax>
			<ymax>116</ymax>
		</bndbox>
	</object>
	<object>
		<name>Felino</name>
		<pose>Unspecified</pose>
		<truncated>0</truncated>
		<difficult>0</difficult>
		<bndbox>
			<xmin>122</xmin>
			<ymin>103</ymin>
			<xmax>235</xmax>
			<ymax>231</ymax>
		</bndbox>
	</object>
	<object>
		<name>Felino</name>
		<pose>Unspecified</pose>
		<truncated>1</truncated>
		<difficult>0</difficult>
		<bndbox>
			<xmin>123</xmin>
			<ymin>233</ymin>
			<xmax>264</xmax>
			<ymax>410</ymax>
		</bndbox>
	</object>
	<object>
		<name>Felino</name>
		<pose>Unspecified</pose>
		<truncated>1</truncated>
		<difficult>0</difficult>
		<bndbox>
			<xmin>276</xmin>
			<ymin>265</ymin>
			<xmax>384</xmax>
			<ymax>410</ymax>
		</bndbox>
	</object>
	<object>
		<name>Felino</name>
		<pose>Unspecified</pose>
		<truncated>0</truncated>
		<difficult>0</difficult>
		<bndbox>
			<xmin>402</xmin>
			<ymin>219</ymin>
			<xmax>557</xmax>
			<ymax>405</ymax>
		</bndbox>
	</object>
	<object>
		<name>Felino</name>
		<pose>Unspecified</pose>
		<truncated>0</truncated>
		<difficult>0</difficult>
		<bndbox>
			<xmin>564</xmin>
			<ymin>248</ymin>
			<xmax>723</xmax>
			<ymax>398</ymax>
		</bndbox>
	</object>
	<object>
		<name>Felino</name>
		<pose>Unspecified</pose>
		<truncated>0</truncated>
		<difficult>0</difficult>
		<bndbox>
			<xmin>592</xmin>
			<ymin>107</ymin>
			<xmax>719</xmax>
			<ymax>247</ymax>
		</bndbox>
	</object>
	<object>
		<name>Felino</name>
		<pose>Unspecified</pose>
		<truncated>0</truncated>
		<difficult>0</difficult>
		<bndbox>
			<xmin>572</xmin>
			<ymin>2</ymin>
			<xmax>732</xmax>
			<ymax>106</ymax>
		</bndbox>
	</object>
	<object>
		<name>Felino</name>
		<pose>Unspecified</pose>
		<truncated>0</truncated>
		<difficult>0</difficult>
		<bndbox>
			<xmin>262</xmin>
			<ymin>5</ymin>
			<xmax>549</xmax>
			<ymax>244</ymax>
		</bndbox>
	</object>
</annotation>
