<annotation>
	<folder>Persona</folder>
	<filename>images.jpg</filename>
	<path>D:\joaco\RNA\M2\Deteccion\images-20200508T211411Z-001\Persona\images.jpg</path>
	<source>
		<database>Unknown</database>
	</source>
	<size>
		<width>300</width>
		<height>168</height>
		<depth>3</depth>
	</size>
	<segmented>0</segmented>
	<object>
		<name>Persona</name>
		<pose>Unspecified</pose>
		<truncated>1</truncated>
		<difficult>0</difficult>
		<bndbox>
			<xmin>3</xmin>
			<ymin>67</ymin>
			<xmax>60</xmax>
			<ymax>168</ymax>
		</bndbox>
	</object>
	<object>
		<name>Persona</name>
		<pose>Unspecified</pose>
		<truncated>1</truncated>
		<difficult>0</difficult>
		<bndbox>
			<xmin>61</xmin>
			<ymin>74</ymin>
			<xmax>111</xmax>
			<ymax>168</ymax>
		</bndbox>
	</object>
	<object>
		<name>Persona</name>
		<pose>Unspecified</pose>
		<truncated>1</truncated>
		<difficult>0</difficult>
		<bndbox>
			<xmin>109</xmin>
			<ymin>90</ymin>
			<xmax>170</xmax>
			<ymax>168</ymax>
		</bndbox>
	</object>
	<object>
		<name>Persona</name>
		<pose>Unspecified</pose>
		<truncated>1</truncated>
		<difficult>0</difficult>
		<bndbox>
			<xmin>171</xmin>
			<ymin>72</ymin>
			<xmax>231</xmax>
			<ymax>168</ymax>
		</bndbox>
	</object>
	<object>
		<name>Persona</name>
		<pose>Unspecified</pose>
		<truncated>1</truncated>
		<difficult>0</difficult>
		<bndbox>
			<xmin>235</xmin>
			<ymin>77</ymin>
			<xmax>298</xmax>
			<ymax>168</ymax>
		</bndbox>
	</object>
</annotation>
