<annotation>
	<folder>Felino</folder>
	<filename>img_curiosidades_de_felinos_salvajes_que_no_te_puedes_perder_23018_orig.jpg</filename>
	<path>D:\joaco\RNA\M2\Deteccion\images-20200508T211411Z-001\Felino\img_curiosidades_de_felinos_salvajes_que_no_te_puedes_perder_23018_orig.jpg</path>
	<source>
		<database>Unknown</database>
	</source>
	<size>
		<width>998</width>
		<height>650</height>
		<depth>3</depth>
	</size>
	<segmented>0</segmented>
	<object>
		<name>Felino</name>
		<pose>Unspecified</pose>
		<truncated>1</truncated>
		<difficult>0</difficult>
		<bndbox>
			<xmin>1</xmin>
			<ymin>17</ymin>
			<xmax>314</xmax>
			<ymax>475</ymax>
		</bndbox>
	</object>
	<object>
		<name>Felino</name>
		<pose>Unspecified</pose>
		<truncated>0</truncated>
		<difficult>0</difficult>
		<bndbox>
			<xmin>321</xmin>
			<ymin>18</ymin>
			<xmax>710</xmax>
			<ymax>498</ymax>
		</bndbox>
	</object>
	<object>
		<name>Felino</name>
		<pose>Unspecified</pose>
		<truncated>1</truncated>
		<difficult>0</difficult>
		<bndbox>
			<xmin>714</xmin>
			<ymin>33</ymin>
			<xmax>998</xmax>
			<ymax>439</ymax>
		</bndbox>
	</object>
</annotation>
