<annotation>
	<folder>Perro</folder>
	<filename>Mounstro.jpeg</filename>
	<path>D:\joaco\RNA\M2\Deteccion\images-20200508T211411Z-001\Perro\Mounstro.jpeg</path>
	<source>
		<database>Unknown</database>
	</source>
	<size>
		<width>1152</width>
		<height>864</height>
		<depth>3</depth>
	</size>
	<segmented>0</segmented>
	<object>
		<name>Perro</name>
		<pose>Unspecified</pose>
		<truncated>0</truncated>
		<difficult>0</difficult>
		<bndbox>
			<xmin>514</xmin>
			<ymin>501</ymin>
			<xmax>994</xmax>
			<ymax>776</ymax>
		</bndbox>
	</object>
</annotation>
