<annotation>
	<folder>Nepente</folder>
	<filename>n38.jpg</filename>
	<path>D:\joaco\RNA\M2\Deteccion\images-20200508T211411Z-001\Nepente\n38.jpg</path>
	<source>
		<database>Unknown</database>
	</source>
	<size>
		<width>183</width>
		<height>275</height>
		<depth>3</depth>
	</size>
	<segmented>0</segmented>
	<object>
		<name>Nepente</name>
		<pose>Unspecified</pose>
		<truncated>0</truncated>
		<difficult>0</difficult>
		<bndbox>
			<xmin>81</xmin>
			<ymin>72</ymin>
			<xmax>161</xmax>
			<ymax>264</ymax>
		</bndbox>
	</object>
	<object>
		<name>Nepente</name>
		<pose>Unspecified</pose>
		<truncated>0</truncated>
		<difficult>0</difficult>
		<bndbox>
			<xmin>14</xmin>
			<ymin>40</ymin>
			<xmax>98</xmax>
			<ymax>269</ymax>
		</bndbox>
	</object>
</annotation>
