<annotation>
	<folder>Nepente</folder>
	<filename>n39.jpg</filename>
	<path>D:\joaco\RNA\M2\Deteccion\images-20200508T211411Z-001\Nepente\n39.jpg</path>
	<source>
		<database>Unknown</database>
	</source>
	<size>
		<width>320</width>
		<height>240</height>
		<depth>3</depth>
	</size>
	<segmented>0</segmented>
	<object>
		<name>Nepente</name>
		<pose>Unspecified</pose>
		<truncated>1</truncated>
		<difficult>0</difficult>
		<bndbox>
			<xmin>155</xmin>
			<ymin>1</ymin>
			<xmax>264</xmax>
			<ymax>239</ymax>
		</bndbox>
	</object>
	<object>
		<name>Nepente</name>
		<pose>Unspecified</pose>
		<truncated>1</truncated>
		<difficult>0</difficult>
		<bndbox>
			<xmin>6</xmin>
			<ymin>131</ymin>
			<xmax>96</xmax>
			<ymax>240</ymax>
		</bndbox>
	</object>
</annotation>
