<annotation>
	<folder>Nepente</folder>
	<filename>n41.jpg</filename>
	<path>D:\joaco\RNA\M2\Deteccion\images-20200508T211411Z-001\Nepente\n41.jpg</path>
	<source>
		<database>Unknown</database>
	</source>
	<size>
		<width>550</width>
		<height>412</height>
		<depth>3</depth>
	</size>
	<segmented>0</segmented>
	<object>
		<name>Nepente</name>
		<pose>Unspecified</pose>
		<truncated>0</truncated>
		<difficult>0</difficult>
		<bndbox>
			<xmin>2</xmin>
			<ymin>203</ymin>
			<xmax>166</xmax>
			<ymax>388</ymax>
		</bndbox>
	</object>
	<object>
		<name>Nepente</name>
		<pose>Unspecified</pose>
		<truncated>0</truncated>
		<difficult>0</difficult>
		<bndbox>
			<xmin>179</xmin>
			<ymin>211</ymin>
			<xmax>248</xmax>
			<ymax>383</ymax>
		</bndbox>
	</object>
</annotation>
