<annotation>
	<folder>Nepente</folder>
	<filename>n42.jpg</filename>
	<path>D:\joaco\RNA\M2\Deteccion\images-20200508T211411Z-001\Nepente\n42.jpg</path>
	<source>
		<database>Unknown</database>
	</source>
	<size>
		<width>500</width>
		<height>500</height>
		<depth>3</depth>
	</size>
	<segmented>0</segmented>
	<object>
		<name>Nepente</name>
		<pose>Unspecified</pose>
		<truncated>0</truncated>
		<difficult>0</difficult>
		<bndbox>
			<xmin>39</xmin>
			<ymin>67</ymin>
			<xmax>152</xmax>
			<ymax>233</ymax>
		</bndbox>
	</object>
	<object>
		<name>Nepente</name>
		<pose>Unspecified</pose>
		<truncated>0</truncated>
		<difficult>0</difficult>
		<bndbox>
			<xmin>138</xmin>
			<ymin>76</ymin>
			<xmax>274</xmax>
			<ymax>336</ymax>
		</bndbox>
	</object>
	<object>
		<name>Nepente</name>
		<pose>Unspecified</pose>
		<truncated>1</truncated>
		<difficult>0</difficult>
		<bndbox>
			<xmin>292</xmin>
			<ymin>1</ymin>
			<xmax>408</xmax>
			<ymax>266</ymax>
		</bndbox>
	</object>
	<object>
		<name>Nepente</name>
		<pose>Unspecified</pose>
		<truncated>0</truncated>
		<difficult>0</difficult>
		<bndbox>
			<xmin>389</xmin>
			<ymin>51</ymin>
			<xmax>492</xmax>
			<ymax>283</ymax>
		</bndbox>
	</object>
	<object>
		<name>Nepente</name>
		<pose>Unspecified</pose>
		<truncated>0</truncated>
		<difficult>0</difficult>
		<bndbox>
			<xmin>172</xmin>
			<ymin>149</ymin>
			<xmax>317</xmax>
			<ymax>482</ymax>
		</bndbox>
	</object>
</annotation>
