<annotation>
	<folder>Nepente</folder>
	<filename>n45.jpg</filename>
	<path>D:\joaco\RNA\M2\Deteccion\images-20200508T211411Z-001\Nepente\n45.jpg</path>
	<source>
		<database>Unknown</database>
	</source>
	<size>
		<width>339</width>
		<height>509</height>
		<depth>3</depth>
	</size>
	<segmented>0</segmented>
	<object>
		<name>Nepente</name>
		<pose>Unspecified</pose>
		<truncated>0</truncated>
		<difficult>0</difficult>
		<bndbox>
			<xmin>111</xmin>
			<ymin>193</ymin>
			<xmax>202</xmax>
			<ymax>456</ymax>
		</bndbox>
	</object>
	<object>
		<name>Nepente</name>
		<pose>Unspecified</pose>
		<truncated>0</truncated>
		<difficult>0</difficult>
		<bndbox>
			<xmin>185</xmin>
			<ymin>47</ymin>
			<xmax>254</xmax>
			<ymax>209</ymax>
		</bndbox>
	</object>
</annotation>
