<annotation>
	<folder>Perro</folder>
	<filename>Perro_camioneta.jpg</filename>
	<path>D:\joaco\RNA\M2\Deteccion\images-20200508T211411Z-001\Perro\Perro_camioneta.jpg</path>
	<source>
		<database>Unknown</database>
	</source>
	<size>
		<width>1456</width>
		<height>2592</height>
		<depth>3</depth>
	</size>
	<segmented>0</segmented>
	<object>
		<name>Perro</name>
		<pose>Unspecified</pose>
		<truncated>0</truncated>
		<difficult>0</difficult>
		<bndbox>
			<xmin>610</xmin>
			<ymin>818</ymin>
			<xmax>1110</xmax>
			<ymax>1186</ymax>
		</bndbox>
	</object>
</annotation>
