<annotation>
	<folder>Perro</folder>
	<filename>por-que-nos-parece-que-los-perros-sonrien-una-historia-de-30-000-anos.jpg</filename>
	<path>D:\joaco\RNA\M2\Deteccion\images-20200508T211411Z-001\Perro\por-que-nos-parece-que-los-perros-sonrien-una-historia-de-30-000-anos.jpg</path>
	<source>
		<database>Unknown</database>
	</source>
	<size>
		<width>750</width>
		<height>422</height>
		<depth>3</depth>
	</size>
	<segmented>0</segmented>
	<object>
		<name>Perro</name>
		<pose>Unspecified</pose>
		<truncated>1</truncated>
		<difficult>0</difficult>
		<bndbox>
			<xmin>227</xmin>
			<ymin>45</ymin>
			<xmax>505</xmax>
			<ymax>422</ymax>
		</bndbox>
	</object>
</annotation>
