<annotation>
	<folder>Perro</folder>
	<filename>purina-nutricion-de-acuerdo-al-ciclo-de-vida-del-perro.jpg</filename>
	<path>D:\joaco\RNA\M2\Deteccion\images-20200508T211411Z-001\Perro\purina-nutricion-de-acuerdo-al-ciclo-de-vida-del-perro.jpg</path>
	<source>
		<database>Unknown</database>
	</source>
	<size>
		<width>360</width>
		<height>180</height>
		<depth>3</depth>
	</size>
	<segmented>0</segmented>
	<object>
		<name>Perro</name>
		<pose>Unspecified</pose>
		<truncated>0</truncated>
		<difficult>0</difficult>
		<bndbox>
			<xmin>187</xmin>
			<ymin>67</ymin>
			<xmax>246</xmax>
			<ymax>166</ymax>
		</bndbox>
	</object>
	<object>
		<name>Perro</name>
		<pose>Unspecified</pose>
		<truncated>0</truncated>
		<difficult>0</difficult>
		<bndbox>
			<xmin>58</xmin>
			<ymin>9</ymin>
			<xmax>196</xmax>
			<ymax>175</ymax>
		</bndbox>
	</object>
</annotation>
