<annotation>
	<folder>Perro</folder>
	<filename>razas-perro-pequenos-grandes-m.jpg</filename>
	<path>D:\joaco\RNA\M2\Deteccion\images-20200508T211411Z-001\Perro\razas-perro-pequenos-grandes-m.jpg</path>
	<source>
		<database>Unknown</database>
	</source>
	<size>
		<width>745</width>
		<height>745</height>
		<depth>3</depth>
	</size>
	<segmented>0</segmented>
	<object>
		<name>Perro</name>
		<pose>Unspecified</pose>
		<truncated>0</truncated>
		<difficult>0</difficult>
		<bndbox>
			<xmin>164</xmin>
			<ymin>140</ymin>
			<xmax>558</xmax>
			<ymax>729</ymax>
		</bndbox>
	</object>
</annotation>
