<annotation>
	<folder>Perro</folder>
	<filename>razas-de-perro-adiestrar-a.jpg</filename>
	<path>D:\joaco\RNA\M2\Deteccion\images-20200508T211411Z-001\Perro\razas-de-perro-adiestrar-a.jpg</path>
	<source>
		<database>Unknown</database>
	</source>
	<size>
		<width>600</width>
		<height>360</height>
		<depth>3</depth>
	</size>
	<segmented>0</segmented>
	<object>
		<name>Perro</name>
		<pose>Unspecified</pose>
		<truncated>0</truncated>
		<difficult>0</difficult>
		<bndbox>
			<xmin>4</xmin>
			<ymin>61</ymin>
			<xmax>110</xmax>
			<ymax>303</ymax>
		</bndbox>
	</object>
	<object>
		<name>Perro</name>
		<pose>Unspecified</pose>
		<truncated>0</truncated>
		<difficult>0</difficult>
		<bndbox>
			<xmin>102</xmin>
			<ymin>49</ymin>
			<xmax>236</xmax>
			<ymax>161</ymax>
		</bndbox>
	</object>
	<object>
		<name>Perro</name>
		<pose>Unspecified</pose>
		<truncated>0</truncated>
		<difficult>0</difficult>
		<bndbox>
			<xmin>200</xmin>
			<ymin>134</ymin>
			<xmax>298</xmax>
			<ymax>327</ymax>
		</bndbox>
	</object>
	<object>
		<name>Perro</name>
		<pose>Unspecified</pose>
		<truncated>0</truncated>
		<difficult>0</difficult>
		<bndbox>
			<xmin>245</xmin>
			<ymin>18</ymin>
			<xmax>361</xmax>
			<ymax>150</ymax>
		</bndbox>
	</object>
	<object>
		<name>Perro</name>
		<pose>Unspecified</pose>
		<truncated>0</truncated>
		<difficult>0</difficult>
		<bndbox>
			<xmin>371</xmin>
			<ymin>96</ymin>
			<xmax>529</xmax>
			<ymax>318</ymax>
		</bndbox>
	</object>
	<object>
		<name>Perro</name>
		<pose>Unspecified</pose>
		<truncated>1</truncated>
		<difficult>0</difficult>
		<bndbox>
			<xmin>486</xmin>
			<ymin>69</ymin>
			<xmax>600</xmax>
			<ymax>287</ymax>
		</bndbox>
	</object>
</annotation>
