<annotation>
	<folder>Persona</folder>
	<filename>soberbia-arrogancia.jpg</filename>
	<path>D:\joaco\RNA\M2\Deteccion\images-20200508T211411Z-001\Persona\soberbia-arrogancia.jpg</path>
	<source>
		<database>Unknown</database>
	</source>
	<size>
		<width>1200</width>
		<height>800</height>
		<depth>3</depth>
	</size>
	<segmented>0</segmented>
	<object>
		<name>Persona</name>
		<pose>Unspecified</pose>
		<truncated>0</truncated>
		<difficult>0</difficult>
		<bndbox>
			<xmin>352</xmin>
			<ymin>10</ymin>
			<xmax>896</xmax>
			<ymax>795</ymax>
		</bndbox>
	</object>
</annotation>
